{
  "main": {
    "id": "cc046320f08a0801",
    "type": "split",
    "children": [
      {
        "id": "2e426b0408543900",
        "type": "tabs",
        "children": [
          {
            "id": "e26e284acde9edc8",
            "type": "leaf",
            "state": {
              "type": "canvas",
              "state": {
                "file": "SOJOURN/GAMEPLAY_MECHANIKÁK/Képességek.canvas",
                "viewState": {
                  "x": 549.9571913363721,
                  "y": 3342.4945025428055,
                  "zoom": -1.9659492787229644
                }
              }
            }
          }
        ]
      }
    ],
    "direction": "vertical"
  },
  "left": {
    "id": "a413f96bf7f3bd86",
    "type": "split",
    "children": [
      {
        "id": "59f5c4af49f24f13",
        "type": "tabs",
        "children": [
          {
            "id": "4778091b8f5e8a57",
            "type": "leaf",
            "state": {
              "type": "file-explorer",
              "state": {
                "sortOrder": "alphabetical"
              }
            }
          },
          {
            "id": "dedc6a63457a93f2",
            "type": "leaf",
            "state": {
              "type": "search",
              "state": {
                "query": "",
                "matchingCase": false,
                "explainSearch": false,
                "collapseAll": false,
                "extraContext": false,
                "sortOrder": "alphabetical"
              }
            }
          },
          {
            "id": "5fd1896aa695cc7f",
            "type": "leaf",
            "state": {
              "type": "bookmarks",
              "state": {}
            }
          }
        ]
      }
    ],
    "direction": "horizontal",
    "width": 215.5
  },
  "right": {
    "id": "79fe7c6fd4fa9545",
    "type": "split",
    "children": [
      {
        "id": "3c20a9614e0fb4a2",
        "type": "tabs",
        "children": [
          {
            "id": "ac279f133dd6cdfd",
            "type": "leaf",
            "state": {
              "type": "calendar",
              "state": {}
            }
          },
          {
            "id": "afa8c7a9beceba7f",
            "type": "leaf",
            "state": {
              "type": "backlink",
              "state": {
                "file": "SOJOURN/GAMEPLAY_MECHANIKÁK/Képességek.canvas",
                "collapseAll": false,
                "extraContext": false,
                "sortOrder": "alphabetical",
                "showSearch": false,
                "searchQuery": "",
                "backlinkCollapsed": false,
                "unlinkedCollapsed": true
              }
            }
          },
          {
            "id": "edeb86dfaa4182ed",
            "type": "leaf",
            "state": {
              "type": "outgoing-link",
              "state": {
                "file": "SOJOURN/GAMEPLAY_MECHANIKÁK/Képességek.canvas",
                "linksCollapsed": false,
                "unlinkedCollapsed": true
              }
            }
          },
          {
            "id": "2c163c04b61dba21",
            "type": "leaf",
            "state": {
              "type": "tag",
              "state": {
                "sortOrder": "frequency",
                "useHierarchy": true
              }
            }
          },
          {
            "id": "506e1bc0e43bff01",
            "type": "leaf",
            "state": {
              "type": "outline",
              "state": {
                "file": "SOJOURN/GAMEPLAY_MECHANIKÁK/Képességek.canvas"
              }
            }
          },
          {
            "id": "5963ee7fe9199c77",
            "type": "leaf",
            "state": {
              "type": "advanced-tables-toolbar",
              "state": {}
            }
          }
        ]
      }
    ],
    "direction": "horizontal",
    "width": 269.5,
    "collapsed": true
  },
  "left-ribbon": {
    "hiddenItems": {
      "switcher:Open quick switcher": false,
      "graph:Open graph view": false,
      "canvas:Create new canvas": false,
      "daily-notes:Open today's daily note": false,
      "templates:Insert template": false,
      "command-palette:Open command palette": false,
      "table-editor-obsidian:Advanced Tables Toolbar": false
    }
  },
  "active": "e26e284acde9edc8",
  "lastOpenFiles": [
    "SOJOURN/GAMEPLAY_MainStory/Cselekmény.canvas",
    "SOJOURN/GAMEPLAY_MainStory/Cselekmény_Párbeszédek_Puzzles.md",
    "SOJOURN/GAMEPLAY_Demo/Cselekmény.canvas",
    "SOJOURN/GAMEPLAY_Demo/Cselekmény_Párbeszédek_Puzzles.md",
    "SOJOURN/WORLDBUILDING/Helyszínek.md",
    "SOJOURN/WORLDBUILDING/Karakterek.md",
    "SOJOURN/WORLDBUILDING/Story.md",
    "SOJOURN/SCRIPTS/Fizika/Pushable and PushableObject.md",
    "SOJOURN/SCRIPTS/Footsteps Sound System.md",
    "KARAKTER BRAINSTORM/Emlyn.canvas",
    "SOJOURN/GAMEPLAY_MECHANIKÁK/Képességek.canvas",
    "KARAKTER BRAINSTORM/Enigma Infinitum/Joshua.canvas",
    "KARAKTER BRAINSTORM/Enigma Infinitum/Amber.canvas",
    "KARAKTER BRAINSTORM/Enigma Infinitum/1.Felépítés.png",
    "SOJOURN/SCRIPTS/Képek/Pasted image 20241003121458.png",
    "SOJOURN/SCRIPTS/Fizika",
    "2024-10-02.md",
    "KARAKTER BRAINSTORM/JUNGIAN Archetípusok.png",
    "SOJOURN/CONCEPT ART BRAINSTORM",
    "SOJOURN/SCRIPTS/Képek/Pasted image 20241001152838.png",
    "SOJOURN/SCRIPTS/Képek/Pasted image 20241001152634.png",
    "SOJOURN/SCRIPTS/Képek",
    "SOJOURN/SCRIPTS/Képek/Pasted image 20241001152121.png",
    "Pasted image 20241001152134.png",
    "KARAKTER BRAINSTORM/Enigma Infinitum/June.canvas",
    "KARAKTER BRAINSTORM/SABLON.canvas",
    "KARAKTER BRAINSTORM/Enigma Infinitum/Koda.canvas",
    "Untitled/Untitled 1/Untitled 5",
    "Untitled/Untitled 1/Untitled 4 1",
    "Untitled/Untitled 3",
    "Untitled/Untitled 1/Untitled 2 1",
    "Untitled/Untitled 1 1",
    "Untitled/Untitled 1/Untitled 2",
    "Untitled/Untitled 1/Untitled 1",
    "Untitled.canvas",
    "SOJOURN/WORLDBUILDING/Képek/Three Act Structure.png",
    "ARIA HAYES.md",
    "Aria Hayes.md",
    "KARAKTER BRAINSTORM/Enigma Infinitum/Amber.md",
    "KARAKTER BRAINSTORM/Enigma Infinitum/June.md",
    "KARAKTER BRAINSTORM/Enigma Infinitum/Joshua.md",
    "KARAKTER BRAINSTORM/Enigma Infinitum/Koda.md",
    "KARAKTER BRAINSTORM/Untitled mindmap.md",
    "KARAKTER BRAINSTORM/Emlyn/Infó.md",
    "WORLDBUILDING/Szöveg.md",
    "WORLDBUILDING/Mellékszál.md",
    "Chapter 1.md",
    "Pasted image 20240901183045.png",
    "Használat.md"
  ]
}